REGION,C_REGION,DISTRITO,C_DISTRITO,COMUNA,C_COMUNA
DE ARICA Y PARINACOTA,3015,DISTRITO 1,6001,ARICA,2822
DE ARICA Y PARINACOTA,3015,DISTRITO 1,6001,CAMARONES,2823
DE ARICA Y PARINACOTA,3015,DISTRITO 1,6001,GENERAL LAGOS,2825
DE ARICA Y PARINACOTA,3015,DISTRITO 1,6001,PUTRE,2824
DE TARAPACA,3001,DISTRITO 2,6002,ALTO HOSPICIO,2502
DE TARAPACA,3001,DISTRITO 2,6002,CAMIÑA,2504
DE TARAPACA,3001,DISTRITO 2,6002,COLCHANE,2505
DE TARAPACA,3001,DISTRITO 2,6002,HUARA,2506
DE TARAPACA,3001,DISTRITO 2,6002,IQUIQUE,2501
DE TARAPACA,3001,DISTRITO 2,6002,PICA,2507
DE TARAPACA,3001,DISTRITO 2,6002,POZO ALMONTE,2503
DE ANTOFAGASTA,3002,DISTRITO 3,6003,ANTOFAGASTA,2508
DE ANTOFAGASTA,3002,DISTRITO 3,6003,CALAMA,2512
DE ANTOFAGASTA,3002,DISTRITO 3,6003,MARIA ELENA,2516
DE ANTOFAGASTA,3002,DISTRITO 3,6003,MEJILLONES,2509
DE ANTOFAGASTA,3002,DISTRITO 3,6003,OLLAGUE,2513
DE ANTOFAGASTA,3002,DISTRITO 3,6003,SAN PEDRO DE ATACAMA,2514
DE ANTOFAGASTA,3002,DISTRITO 3,6003,SIERRA GORDA,2510
DE ANTOFAGASTA,3002,DISTRITO 3,6003,TALTAL,2511
DE ANTOFAGASTA,3002,DISTRITO 3,6003,TOCOPILLA,2515
DE ATACAMA,3003,DISTRITO 4,6004,ALTO DEL CARMEN,2523
DE ATACAMA,3003,DISTRITO 4,6004,CALDERA,2518
DE ATACAMA,3003,DISTRITO 4,6004,CHAÑARAL,2520
DE ATACAMA,3003,DISTRITO 4,6004,COPIAPO,2517
DE ATACAMA,3003,DISTRITO 4,6004,DIEGO DE ALMAGRO,2521
DE ATACAMA,3003,DISTRITO 4,6004,FREIRINA,2524
DE ATACAMA,3003,DISTRITO 4,6004,HUASCO,2525
DE ATACAMA,3003,DISTRITO 4,6004,TIERRA AMARILLA,2519
DE ATACAMA,3003,DISTRITO 4,6004,VALLENAR,2522
DE COQUIMBO,3004,DISTRITO 5,6005,ANDACOLLO,2528
DE COQUIMBO,3004,DISTRITO 5,6005,CANELA,2533
DE COQUIMBO,3004,DISTRITO 5,6005,COMBARBALA,2537
DE COQUIMBO,3004,DISTRITO 5,6005,COQUIMBO,2527
DE COQUIMBO,3004,DISTRITO 5,6005,ILLAPEL,2532
DE COQUIMBO,3004,DISTRITO 5,6005,LA HIGUERA,2529
DE COQUIMBO,3004,DISTRITO 5,6005,LA SERENA,2526
DE COQUIMBO,3004,DISTRITO 5,6005,LOS VILOS,2534
DE COQUIMBO,3004,DISTRITO 5,6005,MONTE PATRIA,2538
DE COQUIMBO,3004,DISTRITO 5,6005,OVALLE,2536
DE COQUIMBO,3004,DISTRITO 5,6005,PAIHUANO,2530
DE COQUIMBO,3004,DISTRITO 5,6005,PUNITAQUI,2539
DE COQUIMBO,3004,DISTRITO 5,6005,RIO HURTADO,2540
DE COQUIMBO,3004,DISTRITO 5,6005,SALAMANCA,2535
DE COQUIMBO,3004,DISTRITO 5,6005,VICUÑA,2531
DE VALPARAISO,3005,DISTRITO 6,6006,CABILDO,2554
DE VALPARAISO,3005,DISTRITO 6,6006,CALERA,2559
DE VALPARAISO,3005,DISTRITO 6,6006,CALLE LARGA,2550
DE VALPARAISO,3005,DISTRITO 6,6006,CATEMU,2570
DE VALPARAISO,3005,DISTRITO 6,6006,HIJUELAS,2560
DE VALPARAISO,3005,DISTRITO 6,6006,LA CRUZ,2561
DE VALPARAISO,3005,DISTRITO 6,6006,LA LIGUA,2553
DE VALPARAISO,3005,DISTRITO 6,6006,LIMACHE,2576
DE VALPARAISO,3005,DISTRITO 6,6006,LLAILLAY,2571
DE VALPARAISO,3005,DISTRITO 6,6006,LOS ANDES,2549
DE VALPARAISO,3005,DISTRITO 6,6006,NOGALES,2562
DE VALPARAISO,3005,DISTRITO 6,6006,OLMUE,2577
DE VALPARAISO,3005,DISTRITO 6,6006,PANQUEHUE,2572
DE VALPARAISO,3005,DISTRITO 6,6006,PAPUDO,2555
DE VALPARAISO,3005,DISTRITO 6,6006,PETORCA,2556
DE VALPARAISO,3005,DISTRITO 6,6006,PUCHUNCAVI,2545
DE VALPARAISO,3005,DISTRITO 6,6006,PUTAENDO,2573
DE VALPARAISO,3005,DISTRITO 6,6006,QUILLOTA,2558
DE VALPARAISO,3005,DISTRITO 6,6006,QUILPUE,2575
DE VALPARAISO,3005,DISTRITO 6,6006,QUINTERO,2546
DE VALPARAISO,3005,DISTRITO 6,6006,RINCONADA,2551
DE VALPARAISO,3005,DISTRITO 6,6006,SAN ESTEBAN,2552
DE VALPARAISO,3005,DISTRITO 6,6006,SAN FELIPE,2569
DE VALPARAISO,3005,DISTRITO 6,6006,SANTA MARIA,2574
DE VALPARAISO,3005,DISTRITO 6,6006,VILLA ALEMANA,2578
DE VALPARAISO,3005,DISTRITO 6,6006,ZAPALLAR,2557
DE VALPARAISO,3005,DISTRITO 7,6007,ALGARROBO,2564
DE VALPARAISO,3005,DISTRITO 7,6007,CARTAGENA,2565
DE VALPARAISO,3005,DISTRITO 7,6007,CASABLANCA,2542
DE VALPARAISO,3005,DISTRITO 7,6007,CONCON,2543
DE VALPARAISO,3005,DISTRITO 7,6007,EL QUISCO,2566
DE VALPARAISO,3005,DISTRITO 7,6007,EL TABO,2567
DE VALPARAISO,3005,DISTRITO 7,6007,ISLA DE PASCUA,2548
DE VALPARAISO,3005,DISTRITO 7,6007,JUAN FERNANDEZ,2544
DE VALPARAISO,3005,DISTRITO 7,6007,SAN ANTONIO,2563
DE VALPARAISO,3005,DISTRITO 7,6007,SANTO DOMINGO,2568
DE VALPARAISO,3005,DISTRITO 7,6007,VALPARAISO,2541
DE VALPARAISO,3005,DISTRITO 7,6007,VIÑA DEL MAR,2547
METROPOLITANA DE SANTIAGO,3013,DISTRITO 8,6008,CERRILLOS,2759
METROPOLITANA DE SANTIAGO,3013,DISTRITO 8,6008,COLINA,2793
METROPOLITANA DE SANTIAGO,3013,DISTRITO 8,6008,ESTACION CENTRAL,2763
METROPOLITANA DE SANTIAGO,3013,DISTRITO 8,6008,LAMPA,2794
METROPOLITANA DE SANTIAGO,3013,DISTRITO 8,6008,MAIPU,2776
METROPOLITANA DE SANTIAGO,3013,DISTRITO 8,6008,PUDAHUEL,2781
METROPOLITANA DE SANTIAGO,3013,DISTRITO 8,6008,QUILICURA,2782
METROPOLITANA DE SANTIAGO,3013,DISTRITO 8,6008,TILTIL,2795
METROPOLITANA DE SANTIAGO,3013,DISTRITO 9,6009,CERRO NAVIA,2760
METROPOLITANA DE SANTIAGO,3013,DISTRITO 9,6009,CONCHALI,2761
METROPOLITANA DE SANTIAGO,3013,DISTRITO 9,6009,HUECHURABA,2764
METROPOLITANA DE SANTIAGO,3013,DISTRITO 9,6009,INDEPENDENCIA,2765
METROPOLITANA DE SANTIAGO,3013,DISTRITO 9,6009,LO PRADO,2774
METROPOLITANA DE SANTIAGO,3013,DISTRITO 9,6009,QUINTA NORMAL,2783
METROPOLITANA DE SANTIAGO,3013,DISTRITO 9,6009,RECOLETA,2784
METROPOLITANA DE SANTIAGO,3013,DISTRITO 9,6009,RENCA,2785
METROPOLITANA DE SANTIAGO,3013,DISTRITO 10,6010,LA GRANJA,2768
METROPOLITANA DE SANTIAGO,3013,DISTRITO 10,6010,MACUL,2775
METROPOLITANA DE SANTIAGO,3013,DISTRITO 10,6010,ÑUÑOA,2777
METROPOLITANA DE SANTIAGO,3013,DISTRITO 10,6010,PROVIDENCIA,2780
METROPOLITANA DE SANTIAGO,3013,DISTRITO 10,6010,SAN JOAQUIN,2786
METROPOLITANA DE SANTIAGO,3013,DISTRITO 10,6010,SANTIAGO,2758
METROPOLITANA DE SANTIAGO,3013,DISTRITO 11,6011,LA REINA,2770
METROPOLITANA DE SANTIAGO,3013,DISTRITO 11,6011,LAS CONDES,2771
METROPOLITANA DE SANTIAGO,3013,DISTRITO 11,6011,LO BARNECHEA,2772
METROPOLITANA DE SANTIAGO,3013,DISTRITO 11,6011,PEÑALOLEN,2779
METROPOLITANA DE SANTIAGO,3013,DISTRITO 11,6011,VITACURA,2789
METROPOLITANA DE SANTIAGO,3013,DISTRITO 12,6012,LA FLORIDA,2767
METROPOLITANA DE SANTIAGO,3013,DISTRITO 12,6012,LA PINTANA,2769
METROPOLITANA DE SANTIAGO,3013,DISTRITO 12,6012,PIRQUE,2791
METROPOLITANA DE SANTIAGO,3013,DISTRITO 12,6012,PUENTE ALTO,2790
METROPOLITANA DE SANTIAGO,3013,DISTRITO 12,6012,SAN JOSE DE MAIPO,2792
METROPOLITANA DE SANTIAGO,3013,DISTRITO 13,6013,EL BOSQUE,2762
METROPOLITANA DE SANTIAGO,3013,DISTRITO 13,6013,LA CISTERNA,2766
METROPOLITANA DE SANTIAGO,3013,DISTRITO 13,6013,LO ESPEJO,2773
METROPOLITANA DE SANTIAGO,3013,DISTRITO 13,6013,PEDRO AGUIRRE CERDA,2778
METROPOLITANA DE SANTIAGO,3013,DISTRITO 13,6013,SAN MIGUEL,2787
METROPOLITANA DE SANTIAGO,3013,DISTRITO 13,6013,SAN RAMON,2788
METROPOLITANA DE SANTIAGO,3013,DISTRITO 14,6014,ALHUE,2801
METROPOLITANA DE SANTIAGO,3013,DISTRITO 14,6014,BUIN,2797
METROPOLITANA DE SANTIAGO,3013,DISTRITO 14,6014,CALERA DE TANGO,2798
METROPOLITANA DE SANTIAGO,3013,DISTRITO 14,6014,CURACAVI,2802
METROPOLITANA DE SANTIAGO,3013,DISTRITO 14,6014,EL MONTE,2806
METROPOLITANA DE SANTIAGO,3013,DISTRITO 14,6014,ISLA DE MAIPO,2807
METROPOLITANA DE SANTIAGO,3013,DISTRITO 14,6014,MARIA PINTO,2803
METROPOLITANA DE SANTIAGO,3013,DISTRITO 14,6014,MELIPILLA,2800
METROPOLITANA DE SANTIAGO,3013,DISTRITO 14,6014,PADRE HURTADO,2808
METROPOLITANA DE SANTIAGO,3013,DISTRITO 14,6014,PAINE,2799
METROPOLITANA DE SANTIAGO,3013,DISTRITO 14,6014,PEÑAFLOR,2809
METROPOLITANA DE SANTIAGO,3013,DISTRITO 14,6014,SAN BERNARDO,2796
METROPOLITANA DE SANTIAGO,3013,DISTRITO 14,6014,SAN PEDRO,2804
METROPOLITANA DE SANTIAGO,3013,DISTRITO 14,6014,TALAGANTE,2805
DEL LIBERTADOR GENERAL BERNARDO O'HIGGINS,3006,DISTRITO 15,6015,CODEGUA,2580
DEL LIBERTADOR GENERAL BERNARDO O'HIGGINS,3006,DISTRITO 15,6015,COINCO,2581
DEL LIBERTADOR GENERAL BERNARDO O'HIGGINS,3006,DISTRITO 15,6015,COLTAUCO,2582
DEL LIBERTADOR GENERAL BERNARDO O'HIGGINS,3006,DISTRITO 15,6015,DOÑIHUE,2583
DEL LIBERTADOR GENERAL BERNARDO O'HIGGINS,3006,DISTRITO 15,6015,GRANEROS,2584
DEL LIBERTADOR GENERAL BERNARDO O'HIGGINS,3006,DISTRITO 15,6015,MACHALI,2586
DEL LIBERTADOR GENERAL BERNARDO O'HIGGINS,3006,DISTRITO 15,6015,MALLOA,2587
DEL LIBERTADOR GENERAL BERNARDO O'HIGGINS,3006,DISTRITO 15,6015,MOSTAZAL,2588
DEL LIBERTADOR GENERAL BERNARDO O'HIGGINS,3006,DISTRITO 15,6015,OLIVAR,2589
DEL LIBERTADOR GENERAL BERNARDO O'HIGGINS,3006,DISTRITO 15,6015,QUINTA DE TILCOCO,2592
DEL LIBERTADOR GENERAL BERNARDO O'HIGGINS,3006,DISTRITO 15,6015,RANCAGUA,2579
DEL LIBERTADOR GENERAL BERNARDO O'HIGGINS,3006,DISTRITO 15,6015,RENGO,2593
DEL LIBERTADOR GENERAL BERNARDO O'HIGGINS,3006,DISTRITO 15,6015,REQUINOA,2594
DEL LIBERTADOR GENERAL BERNARDO O'HIGGINS,3006,DISTRITO 16,6016,CHEPICA,2603
DEL LIBERTADOR GENERAL BERNARDO O'HIGGINS,3006,DISTRITO 16,6016,CHIMBARONGO,2604
DEL LIBERTADOR GENERAL BERNARDO O'HIGGINS,3006,DISTRITO 16,6016,LA ESTRELLA,2597
DEL LIBERTADOR GENERAL BERNARDO O'HIGGINS,3006,DISTRITO 16,6016,LAS CABRAS,2585
DEL LIBERTADOR GENERAL BERNARDO O'HIGGINS,3006,DISTRITO 16,6016,LITUECHE,2598
DEL LIBERTADOR GENERAL BERNARDO O'HIGGINS,3006,DISTRITO 16,6016,LOLOL,2605
DEL LIBERTADOR GENERAL BERNARDO O'HIGGINS,3006,DISTRITO 16,6016,MARCHIGUE,2599
DEL LIBERTADOR GENERAL BERNARDO O'HIGGINS,3006,DISTRITO 16,6016,NANCAGUA,2606
DEL LIBERTADOR GENERAL BERNARDO O'HIGGINS,3006,DISTRITO 16,6016,NAVIDAD,2600
DEL LIBERTADOR GENERAL BERNARDO O'HIGGINS,3006,DISTRITO 16,6016,PALMILLA,2607
DEL LIBERTADOR GENERAL BERNARDO O'HIGGINS,3006,DISTRITO 16,6016,PAREDONES,2601
DEL LIBERTADOR GENERAL BERNARDO O'HIGGINS,3006,DISTRITO 16,6016,PERALILLO,2608
DEL LIBERTADOR GENERAL BERNARDO O'HIGGINS,3006,DISTRITO 16,6016,PEUMO,2590
DEL LIBERTADOR GENERAL BERNARDO O'HIGGINS,3006,DISTRITO 16,6016,PICHIDEGUA,2591
DEL LIBERTADOR GENERAL BERNARDO O'HIGGINS,3006,DISTRITO 16,6016,PICHILEMU,2596
DEL LIBERTADOR GENERAL BERNARDO O'HIGGINS,3006,DISTRITO 16,6016,PLACILLA,2609
DEL LIBERTADOR GENERAL BERNARDO O'HIGGINS,3006,DISTRITO 16,6016,PUMANQUE,2610
DEL LIBERTADOR GENERAL BERNARDO O'HIGGINS,3006,DISTRITO 16,6016,SAN FERNANDO,2602
DEL LIBERTADOR GENERAL BERNARDO O'HIGGINS,3006,DISTRITO 16,6016,SAN VICENTE,2595
DEL LIBERTADOR GENERAL BERNARDO O'HIGGINS,3006,DISTRITO 16,6016,SANTA CRUZ,2611
DEL MAULE,3007,DISTRITO 17,6017,CONSTITUCION,2613
DEL MAULE,3007,DISTRITO 17,6017,CUREPTO,2614
DEL MAULE,3007,DISTRITO 17,6017,CURICO,2625
DEL MAULE,3007,DISTRITO 17,6017,EMPEDRADO,2615
DEL MAULE,3007,DISTRITO 17,6017,HUALAÑE,2626
DEL MAULE,3007,DISTRITO 17,6017,LICANTEN,2627
DEL MAULE,3007,DISTRITO 17,6017,MAULE,2616
DEL MAULE,3007,DISTRITO 17,6017,MOLINA,2628
DEL MAULE,3007,DISTRITO 17,6017,PELARCO,2617
DEL MAULE,3007,DISTRITO 17,6017,PENCAHUE,2618
DEL MAULE,3007,DISTRITO 17,6017,RAUCO,2629
DEL MAULE,3007,DISTRITO 17,6017,RIO CLARO,2619
DEL MAULE,3007,DISTRITO 17,6017,ROMERAL,2630
DEL MAULE,3007,DISTRITO 17,6017,SAGRADA FAMILIA,2631
DEL MAULE,3007,DISTRITO 17,6017,SAN CLEMENTE,2620
DEL MAULE,3007,DISTRITO 17,6017,SAN RAFAEL,2621
DEL MAULE,3007,DISTRITO 17,6017,TALCA,2612
DEL MAULE,3007,DISTRITO 17,6017,TENO,2632
DEL MAULE,3007,DISTRITO 17,6017,VICHUQUEN,2633
DEL MAULE,3007,DISTRITO 18,6018,CAUQUENES,2622
DEL MAULE,3007,DISTRITO 18,6018,CHANCO,2623
DEL MAULE,3007,DISTRITO 18,6018,COLBUN,2635
DEL MAULE,3007,DISTRITO 18,6018,LINARES,2634
DEL MAULE,3007,DISTRITO 18,6018,LONGAVI,2636
DEL MAULE,3007,DISTRITO 18,6018,PARRAL,2637
DEL MAULE,3007,DISTRITO 18,6018,PELLUHUE,2624
DEL MAULE,3007,DISTRITO 18,6018,RETIRO,2638
DEL MAULE,3007,DISTRITO 18,6018,SAN JAVIER,2639
DEL MAULE,3007,DISTRITO 18,6018,VILLA ALEGRE,2640
DEL MAULE,3007,DISTRITO 18,6018,YERBAS BUENAS,2641
DE ÑUBLE,3016,DISTRITO 19,6019,BULNES,2827
DE ÑUBLE,3016,DISTRITO 19,6019,CHILLAN,2826
DE ÑUBLE,3016,DISTRITO 19,6019,CHILLAN VIEJO,2828
DE ÑUBLE,3016,DISTRITO 19,6019,COBQUECURA,2836
DE ÑUBLE,3016,DISTRITO 19,6019,COELEMU,2837
DE ÑUBLE,3016,DISTRITO 19,6019,COIHUECO,2843
DE ÑUBLE,3016,DISTRITO 19,6019,EL CARMEN,2829
DE ÑUBLE,3016,DISTRITO 19,6019,NINHUE,2838
DE ÑUBLE,3016,DISTRITO 19,6019,ÑIQUEN,2844
DE ÑUBLE,3016,DISTRITO 19,6019,PEMUCO,2830
DE ÑUBLE,3016,DISTRITO 19,6019,PINTO,2831
DE ÑUBLE,3016,DISTRITO 19,6019,PORTEZUELO,2839
DE ÑUBLE,3016,DISTRITO 19,6019,QUILLON,2832
DE ÑUBLE,3016,DISTRITO 19,6019,QUIRIHUE,2835
DE ÑUBLE,3016,DISTRITO 19,6019,RANQUIL,2840
DE ÑUBLE,3016,DISTRITO 19,6019,SAN CARLOS,2842
DE ÑUBLE,3016,DISTRITO 19,6019,SAN FABIAN,2845
DE ÑUBLE,3016,DISTRITO 19,6019,SAN IGNACIO,2833
DE ÑUBLE,3016,DISTRITO 19,6019,SAN NICOLAS,2846
DE ÑUBLE,3016,DISTRITO 19,6019,TREHUACO,2841
DE ÑUBLE,3016,DISTRITO 19,6019,YUNGAY,2834
DEL BIOBIO,3008,DISTRITO 20,6020,CHIGUAYANTE,2644
DEL BIOBIO,3008,DISTRITO 20,6020,CONCEPCION,2642
DEL BIOBIO,3008,DISTRITO 20,6020,CORONEL,2643
DEL BIOBIO,3008,DISTRITO 20,6020,FLORIDA,2645
DEL BIOBIO,3008,DISTRITO 20,6020,HUALPEN,2653
DEL BIOBIO,3008,DISTRITO 20,6020,HUALQUI,2646
DEL BIOBIO,3008,DISTRITO 20,6020,PENCO,2648
DEL BIOBIO,3008,DISTRITO 20,6020,SAN PEDRO DE LA PAZ,2649
DEL BIOBIO,3008,DISTRITO 20,6020,SANTA JUANA,2650
DEL BIOBIO,3008,DISTRITO 20,6020,TALCAHUANO,2651
DEL BIOBIO,3008,DISTRITO 20,6020,TOME,2652
DEL BIOBIO,3008,DISTRITO 21,6021,ALTO BIOBIO,2674
DEL BIOBIO,3008,DISTRITO 21,6021,ANTUCO,2662
DEL BIOBIO,3008,DISTRITO 21,6021,ARAUCO,2655
DEL BIOBIO,3008,DISTRITO 21,6021,CABRERO,2663
DEL BIOBIO,3008,DISTRITO 21,6021,CAÑETE,2656
DEL BIOBIO,3008,DISTRITO 21,6021,CONTULMO,2657
DEL BIOBIO,3008,DISTRITO 21,6021,CURANILAHUE,2658
DEL BIOBIO,3008,DISTRITO 21,6021,LAJA,2664
DEL BIOBIO,3008,DISTRITO 21,6021,LEBU,2654
DEL BIOBIO,3008,DISTRITO 21,6021,LOS ALAMOS,2659
DEL BIOBIO,3008,DISTRITO 21,6021,LOS ANGELES,2661
DEL BIOBIO,3008,DISTRITO 21,6021,LOTA,2647
DEL BIOBIO,3008,DISTRITO 21,6021,MULCHEN,2665
DEL BIOBIO,3008,DISTRITO 21,6021,NACIMIENTO,2666
DEL BIOBIO,3008,DISTRITO 21,6021,NEGRETE,2667
DEL BIOBIO,3008,DISTRITO 21,6021,QUILACO,2668
DEL BIOBIO,3008,DISTRITO 21,6021,QUILLECO,2669
DEL BIOBIO,3008,DISTRITO 21,6021,SAN ROSENDO,2670
DEL BIOBIO,3008,DISTRITO 21,6021,SANTA BARBARA,2671
DEL BIOBIO,3008,DISTRITO 21,6021,TIRUA,2660
DEL BIOBIO,3008,DISTRITO 21,6021,TUCAPEL,2672
DEL BIOBIO,3008,DISTRITO 21,6021,YUMBEL,2673
DE LA ARAUCANIA,3009,DISTRITO 22,6022,ANGOL,2696
DE LA ARAUCANIA,3009,DISTRITO 22,6022,COLLIPULLI,2697
DE LA ARAUCANIA,3009,DISTRITO 22,6022,CURACAUTIN,2698
DE LA ARAUCANIA,3009,DISTRITO 22,6022,ERCILLA,2699
DE LA ARAUCANIA,3009,DISTRITO 22,6022,GALVARINO,2680
DE LA ARAUCANIA,3009,DISTRITO 22,6022,LAUTARO,2682
DE LA ARAUCANIA,3009,DISTRITO 22,6022,LONQUIMAY,2700
DE LA ARAUCANIA,3009,DISTRITO 22,6022,LOS SAUCES,2701
DE LA ARAUCANIA,3009,DISTRITO 22,6022,LUMACO,2702
DE LA ARAUCANIA,3009,DISTRITO 22,6022,MELIPEUCO,2684
DE LA ARAUCANIA,3009,DISTRITO 22,6022,PERQUENCO,2687
DE LA ARAUCANIA,3009,DISTRITO 22,6022,PUREN,2703
DE LA ARAUCANIA,3009,DISTRITO 22,6022,RENAICO,2704
DE LA ARAUCANIA,3009,DISTRITO 22,6022,TRAIGUEN,2705
DE LA ARAUCANIA,3009,DISTRITO 22,6022,VICTORIA,2706
DE LA ARAUCANIA,3009,DISTRITO 22,6022,VILCUN,2693
DE LA ARAUCANIA,3009,DISTRITO 23,6023,CARAHUE,2676
DE LA ARAUCANIA,3009,DISTRITO 23,6023,CHOLCHOL,2695
DE LA ARAUCANIA,3009,DISTRITO 23,6023,CUNCO,2677
DE LA ARAUCANIA,3009,DISTRITO 23,6023,CURARREHUE,2678
DE LA ARAUCANIA,3009,DISTRITO 23,6023,FREIRE,2679
DE LA ARAUCANIA,3009,DISTRITO 23,6023,GORBEA,2681
DE LA ARAUCANIA,3009,DISTRITO 23,6023,LONCOCHE,2683
DE LA ARAUCANIA,3009,DISTRITO 23,6023,NUEVA IMPERIAL,2685
DE LA ARAUCANIA,3009,DISTRITO 23,6023,PADRE LAS CASAS,2686
DE LA ARAUCANIA,3009,DISTRITO 23,6023,PITRUFQUEN,2688
DE LA ARAUCANIA,3009,DISTRITO 23,6023,PUCON,2689
DE LA ARAUCANIA,3009,DISTRITO 23,6023,SAAVEDRA,2690
DE LA ARAUCANIA,3009,DISTRITO 23,6023,TEMUCO,2675
DE LA ARAUCANIA,3009,DISTRITO 23,6023,TEODORO SCHMIDT,2691
DE LA ARAUCANIA,3009,DISTRITO 23,6023,TOLTEN,2692
DE LA ARAUCANIA,3009,DISTRITO 23,6023,VILLARRICA,2694
DE LOS RIOS,3014,DISTRITO 24,6024,CORRAL,2811
DE LOS RIOS,3014,DISTRITO 24,6024,FUTRONO,2819
DE LOS RIOS,3014,DISTRITO 24,6024,LA UNION,2818
DE LOS RIOS,3014,DISTRITO 24,6024,LAGO RANCO,2820
DE LOS RIOS,3014,DISTRITO 24,6024,LANCO,2812
DE LOS RIOS,3014,DISTRITO 24,6024,LOS LAGOS,2813
DE LOS RIOS,3014,DISTRITO 24,6024,MAFIL,2814
DE LOS RIOS,3014,DISTRITO 24,6024,MARIQUINA,2815
DE LOS RIOS,3014,DISTRITO 24,6024,PAILLACO,2816
DE LOS RIOS,3014,DISTRITO 24,6024,PANGUIPULLI,2817
DE LOS RIOS,3014,DISTRITO 24,6024,RIO BUENO,2821
DE LOS RIOS,3014,DISTRITO 24,6024,VALDIVIA,2810
DE LOS LAGOS,3010,DISTRITO 25,6025,FRESIA,2710
DE LOS LAGOS,3010,DISTRITO 25,6025,FRUTILLAR,2711
DE LOS LAGOS,3010,DISTRITO 25,6025,LLANQUIHUE,2713
DE LOS LAGOS,3010,DISTRITO 25,6025,LOS MUERMOS,2712
DE LOS LAGOS,3010,DISTRITO 25,6025,OSORNO,2726
DE LOS LAGOS,3010,DISTRITO 25,6025,PUERTO OCTAY,2727
DE LOS LAGOS,3010,DISTRITO 25,6025,PUERTO VARAS,2715
DE LOS LAGOS,3010,DISTRITO 25,6025,PURRANQUE,2728
DE LOS LAGOS,3010,DISTRITO 25,6025,PUYEHUE,2729
DE LOS LAGOS,3010,DISTRITO 25,6025,RIO NEGRO,2730
DE LOS LAGOS,3010,DISTRITO 25,6025,SAN JUAN DE LA COSTA,2731
DE LOS LAGOS,3010,DISTRITO 25,6025,SAN PABLO,2732
DE LOS LAGOS,3010,DISTRITO 26,6026,ANCUD,2717
DE LOS LAGOS,3010,DISTRITO 26,6026,CALBUCO,2708
DE LOS LAGOS,3010,DISTRITO 26,6026,CASTRO,2716
DE LOS LAGOS,3010,DISTRITO 26,6026,CHAITEN,2733
DE LOS LAGOS,3010,DISTRITO 26,6026,CHONCHI,2718
DE LOS LAGOS,3010,DISTRITO 26,6026,COCHAMO,2709
DE LOS LAGOS,3010,DISTRITO 26,6026,CURACO DE VELEZ,2719
DE LOS LAGOS,3010,DISTRITO 26,6026,DALCAHUE,2720
DE LOS LAGOS,3010,DISTRITO 26,6026,FUTALEUFU,2734
DE LOS LAGOS,3010,DISTRITO 26,6026,HUALAIHUE,2735
DE LOS LAGOS,3010,DISTRITO 26,6026,MAULLIN,2714
DE LOS LAGOS,3010,DISTRITO 26,6026,PALENA,2736
DE LOS LAGOS,3010,DISTRITO 26,6026,PUERTO MONTT,2707
DE LOS LAGOS,3010,DISTRITO 26,6026,PUQUELDON,2721
DE LOS LAGOS,3010,DISTRITO 26,6026,QUEILEN,2722
DE LOS LAGOS,3010,DISTRITO 26,6026,QUELLON,2723
DE LOS LAGOS,3010,DISTRITO 26,6026,QUEMCHI,2724
DE LOS LAGOS,3010,DISTRITO 26,6026,QUINCHAO,2725
DE AYSEN DEL GENERAL CARLOS IBAÑEZ DEL CAMPO,3011,DISTRITO 27,6027,AYSEN,2739
DE AYSEN DEL GENERAL CARLOS IBAÑEZ DEL CAMPO,3011,DISTRITO 27,6027,CHILE CHICO,2745
DE AYSEN DEL GENERAL CARLOS IBAÑEZ DEL CAMPO,3011,DISTRITO 27,6027,CISNES,2740
DE AYSEN DEL GENERAL CARLOS IBAÑEZ DEL CAMPO,3011,DISTRITO 27,6027,COCHRANE,2742
DE AYSEN DEL GENERAL CARLOS IBAÑEZ DEL CAMPO,3011,DISTRITO 27,6027,COYHAIQUE,2737
DE AYSEN DEL GENERAL CARLOS IBAÑEZ DEL CAMPO,3011,DISTRITO 27,6027,GUAITECAS,2741
DE AYSEN DEL GENERAL CARLOS IBAÑEZ DEL CAMPO,3011,DISTRITO 27,6027,LAGO VERDE,2738
DE AYSEN DEL GENERAL CARLOS IBAÑEZ DEL CAMPO,3011,DISTRITO 27,6027,O'HIGGINS,2743
DE AYSEN DEL GENERAL CARLOS IBAÑEZ DEL CAMPO,3011,DISTRITO 27,6027,RIO IBAÑEZ,2746
DE AYSEN DEL GENERAL CARLOS IBAÑEZ DEL CAMPO,3011,DISTRITO 27,6027,TORTEL,2744
DE MAGALLANES Y DE LA ANTARTICA CHILENA,3012,DISTRITO 28,6028,CABO DE HORNOS(EX-NAVARINO) Y ANTARTICA,2751
DE MAGALLANES Y DE LA ANTARTICA CHILENA,3012,DISTRITO 28,6028,LAGUNA BLANCA,2748
DE MAGALLANES Y DE LA ANTARTICA CHILENA,3012,DISTRITO 28,6028,NATALES,2756
DE MAGALLANES Y DE LA ANTARTICA CHILENA,3012,DISTRITO 28,6028,PORVENIR,2753
DE MAGALLANES Y DE LA ANTARTICA CHILENA,3012,DISTRITO 28,6028,PRIMAVERA,2754
DE MAGALLANES Y DE LA ANTARTICA CHILENA,3012,DISTRITO 28,6028,PUNTA ARENAS,2747
DE MAGALLANES Y DE LA ANTARTICA CHILENA,3012,DISTRITO 28,6028,RIO VERDE,2749
DE MAGALLANES Y DE LA ANTARTICA CHILENA,3012,DISTRITO 28,6028,SAN GREGORIO,2750
DE MAGALLANES Y DE LA ANTARTICA CHILENA,3012,DISTRITO 28,6028,TIMAUKEL,2755
DE MAGALLANES Y DE LA ANTARTICA CHILENA,3012,DISTRITO 28,6028,TORRES DEL PAINE,2757
